INSERT INTO `activities` (`id`, `title`, `parent`) VALUES
(1, 'PC', NULL),
(2, 'CV', NULL),
(3, 'Van', NULL),
(4, 'BUS', NULL),
(5, 'Special vehicle', NULL),
(6, 'Motorbikes', NULL);

INSERT INTO `brands` (`id`, `title`, `alias`) VALUES
(1, 'Mercedes-Benz', 'mercedesBenz'),
(2, 'Smart', 'smart'),
(3, 'Mitshubishi FUSO', 'mitshubishiFuso'),
(4, 'Maybach', 'maybach'),
(5, 'AMG', 'amg'),
(6, 'EVOBUS', 'evobus'),
(7, 'Jeep', 'jeep'),
(8, 'Maseratti', 'maseratti'),
(9, 'Ducatti', 'ducatti'),
(10, 'Unimog', 'unimog');

INSERT INTO `countries` (`id`, `title`, `language`, `timezone`) VALUES
(1, 'Украина', 'uk_UA', 2),
(2, 'Казахстан', 'KK', 5);

INSERT INTO `regions` (`id`, `name`, `country_id`) VALUES
(1, 'АР Крым', 1),
(2, 'Винницкая область', 1),
(3, 'Волынская область', 1),
(4, 'Днепропетровская область', 1),
(5, 'Донецкая область', 1),
(6, 'Житомирская область', 1),
(7, 'Закарпатская область', 1),
(8, 'Запорожская область', 1),
(9, 'Ивано-Франковская область', 1),
(10, 'Киевская область', 1),
(11, 'Кировоградская область', 1),
(12, 'Луганская область', 1),
(13, 'Львовская область', 1),
(14, 'Николаевская область', 1),
(15, 'Одесская область', 1),
(16, 'Полтавская область', 1),
(17, 'Ровенская область', 1),
(18, 'Сумская область', 1),
(19, 'Тернопольская область', 1),
(20, 'Харьковская область', 1),
(21, 'Херсонская область', 1),
(22, 'Хмельницкая область', 1),
(23, 'Черкасская область', 1),
(24, 'Черниговская область', 1),
(25, 'Черновицкая область', 1),
(26, 'Алматинская область', 2),
(27, 'Акмолинская область', 2),
(28, 'Актюбинская область', 2),
(29, 'Костанайская область', 2);

INSERT INTO `cities` (`id`, `name`, `phone_code`, `region_id`) VALUES
(11, 'Александрия', '5235', 11),
(25, 'Алупка', '654', 1),
(26, 'Алушта', '6560', 1),
(27, 'Алчевск', '6442', 12),
(43, 'Антрацит', '6431', 12),
(46, 'Армянск', '6565', 1),
(47, 'Артема', '6272', 5),
(50, 'Артемовск', '6441', 12),
(51, 'Артемовск', '6274', 5),
(52, 'Артемовское', '', 5),
(54, 'Аскания-Нова', '5538', 21),
(89, 'Бахмач', '4635', 24),
(90, 'Бахмутское', '', 5),
(91, 'Бахчисарай', '6554', 1),
(101, 'Белая Церковь', '4463', 10),
(102, 'Белгород-Днестровский', '4849', 15),
(113, 'Белогородка', '44', 10),
(128, 'Бердичев', '4143', 6),
(129, 'Бердянск', '6153', 8),
(130, 'Бердянское', '6153', 8),
(131, 'Берегово', '3141', 7),
(132, 'Берегомет', '3730', 25),
(162, 'Бобринец', '5257', 11),
(175, 'Богуслав', '5672', 4),
(176, 'Богуслав', '4461', 10),
(177, 'Боднаров', '3472', 9),
(190, 'Борисполь', '4495', 10),
(198, 'Бородянка', '4477', 10),
(247, 'Буча', '4497', 10),
(268, 'Васильков', '4741', 23),
(269, 'Васильков', '4471', 10),
(274, 'Ватутино', '', 20),
(278, 'Великая Александровка', '5532', 21),
(339, 'Верхнеднепровск', '5658', 4),
(352, 'Верховцево', '', 4),
(367, 'Винница', '432', 2),
(377, 'Вишневое', '5651', 4),
(378, 'Вишневое', '4498', 10),
(379, 'Вишневое', '', 12),
(381, 'Владимир-Волынский', '3342', 3),
(391, 'Вознесенск', '5134', 14),
(392, 'Вознесенское', '4737', 23),
(404, 'Володарск-Волынский', '4145', 6),
(411, 'Вольногорск', '5653', 4),
(419, 'Воронеж', '5449', 18),
(424, 'Ворохта', '3434', 9),
(440, 'Вышгород', '4496', 10),
(450, 'Гайворон', '5254', 11),
(458, 'Гатное', '', 10),
(464, 'Гениченская горка', '5534', 21),
(465, 'Геническ', '5534', 21),
(475, 'Глобино', '5365', 16),
(484, 'Гнидын', '4495', 10),
(511, 'Городище', '4734', 23),
(512, 'Городище-Пустоваровка', '269', 10),
(594, 'Джанкой', '6564', 1),
(599, 'Дзержинск', '4146', 6),
(600, 'Дзержинск', '6247', 5),
(609, 'Димитрово', '5235', 11),
(610, 'Дмитровка', '44', 10),
(611, 'Дмитровка', '4635', 24),
(612, 'Дмитровка', '5671', 4),
(614, 'Днепровское', '5618', 4),
(615, 'Днепродзержинск', '5692', 4),
(616, 'Днепропетровск', '56', 4),
(617, 'Днепрорудное', '6175', 8),
(618, 'Днепряны', '4332', 21),
(627, 'Добряны', '3245', 13),
(635, 'Долина', '', 5),
(636, 'Долина', '3477', 9),
(639, 'Долинское', '612', 8),
(642, 'Донецк', '62', 5),
(643, 'Донецкое', '', 5),
(652, 'Драгомирчаны', '3436', 9),
(653, 'Дробышево', '6261', 5),
(654, 'Дрогобыч', '3244', 13),
(681, 'Евпатория', '6569', 1),
(684, 'Елизаветградка', '5242', 11),
(687, 'Енакиево', '6252', 5),
(692, 'Жашков', '4747', 23),
(699, 'Желтые Воды', '5652', 4),
(703, 'Житомир', '412', 6),
(704, 'Жмеринка', '4332', 2),
(742, 'Запорожье', '61', 8),
(746, 'Заречное', '3632', 17),
(756, 'Затока', '4849', 15),
(760, 'Звенигородка', '4740', 23),
(762, 'Здолбунов', '36522', 17),
(777, 'Знаменка', '5233', 11),
(783, 'Золотоноша', '4737', 23),
(797, 'Ивано-франково', '3259', 13),
(798, 'Ивано-Франковск', '342', 9),
(816, 'Изюм', '5743', 20),
(820, 'Иловайск', '6275', 5),
(829, 'Инкерман', '692', 1),
(830, 'Иосиповка', '4342', 2),
(832, 'Ирпень', '4497', 10),
(833, 'Иршава', '3144', 7),
(841, 'Кагарлык', '4473', 10),
(864, 'Каменец-Подольский', '3849', 22),
(884, 'Канев', '4736', 23),
(897, 'Каховка', '5536', 21),
(906, 'Керчь', '6561', 1),
(908, 'Киев', '44', 10),
(914, 'Кирилловка', '6131', 8),
(917, 'Кировоград', '522', 11),
(918, 'Кировск', '6446', 12),
(945, 'Княжичи', '4494', 10),
(947, 'Кобеляки', '5343', 16),
(953, 'Ковель', '3352', 3),
(963, 'Козин', '3633', 17),
(964, 'Козин', '4472', 10),
(968, 'Коктебель', '06562', 1),
(996, 'Конотоп', '5447', 18),
(1030, 'Корсунь-Шевченковский', '4735', 23),
(1033, 'Корысть', '3651', 17),
(1034, 'Корытное', '3730', 25),
(1082, 'Красноперекопск', '6565', 1),
(1091, 'Красный Лиман', '6261', 5),
(1092, 'Красный Луч', '6432', 12),
(1097, 'Кременчуг', '5366', 16),
(1102, 'Кривбасс', '564', 4),
(1104, 'Кривой Рог', '564', 4),
(1113, 'Крыжополь', '4340', 2),
(1147, 'Лазурное', '5537', 21),
(1185, 'Лисичанск', '6451', 12),
(1190, 'Лозовая', '5745', 20),
(1191, 'Лозовое', '3856', 22),
(1192, 'Лозовский', '6473', 12),
(1199, 'Лубны', '5361', 16),
(1200, 'Луганск', '642', 12),
(1213, 'Луцк', '3322', 3),
(1217, 'Львов', '32', 13),
(1238, 'Макеевка', '6232', 5),
(1241, 'Малая Виска', '5258', 11),
(1252, 'Малин', '4133', 6),
(1275, 'Марганец', '5665', 4),
(1276, 'Мариничи', '3738', 25),
(1277, 'Мариуполь', '629', 5),
(1291, 'Массандра', '654', 1),
(1308, 'Мелитополь', '619', 8),
(1322, 'Миргород', '5355', 16),
(1349, 'Могилев-Подольский', '4337', 2),
(1364, 'Моршин', '32606', 13),
(1398, 'Нежин', '4631', 24),
(1411, 'Нетишин', '3848', 22),
(1426, 'Николаев', '3241', 13),
(1427, 'Николаев', '512', 14),
(1428, 'Николаев', '3822', 22),
(1439, 'Никополь', '5662', 4),
(1447, 'Новая Каховка', '5549', 21),
(1448, 'Новая лешня', '3372', 3),
(1449, 'Новая Любомирка', '362', 17),
(1450, 'Новая маячка', '5542', 21),
(1453, 'Новая прага', '5235', 11),
(1456, 'Новгород-Северский', '4658', 24),
(1457, 'Новгородка', '5241', 11),
(1461, 'Новоазовск', '6296', 5),
(1462, 'Новоайдар', '6445', 12),
(1472, 'Новоград-Волынский', '4141', 6),
(1491, 'Новомосковск', '569', 4),
(1522, 'Новые безрадичи', '4472', 10),
(1535, 'Новый Свет', '6566', 1),
(1536, 'Новый Свет', '6253', 5),
(1546, 'Обухов', '4472', 10),
(1551, 'Одесса', '48', 15),
(1587, 'Опытное', '', 5),
(1591, 'Орджоникидзе', '', 12),
(1592, 'Орджоникидзе', '6562', 1),
(1593, 'Орджоникидзе', '5667', 4),
(1605, 'Остер', '4646', 24),
(1615, 'Очаков', '5154', 14),
(1618, 'Павловка', '5236', 11),
(1619, 'Павловка', '3436', 9),
(1620, 'Павловка', '4622', 24),
(1621, 'Павлоград', '5632', 4),
(1630, 'Партенит', '56', 1),
(1636, 'Первомайск', '5161', 14),
(1637, 'Первомайск', '6455', 12),
(1638, 'Первомайск', '', 4),
(1653, 'Переяслав-Хмельницкий', '4467', 10),
(1661, 'Пески', '', 5),
(1662, 'Пески', '5361', 16),
(1664, 'Песочин', '572', 20),
(1705, 'Плоске', '', 7),
(1752, 'Полтава', '532', 16),
(1758, 'Помошная', '6564', 11),
(1761, 'Попасная', '6474', 12),
(1762, 'Попасное', '5612', 4),
(1771, 'Почаев', '3546', 19),
(1788, 'Прилуки', '4637', 24),
(1789, 'Приморск', '6137', 8),
(1791, 'Приозерное', '5534', 21),
(1792, 'Приозерное', '6557', 1),
(1801, 'Протопоповка', '5235', 11),
(1819, 'Радомышль', '4132', 6),
(1820, 'Радомышль', '3322', 3),
(1831, 'Ракитное', '5366', 16),
(1832, 'Ракитное', '4462', 10),
(1842, 'Рахов', '3132', 7),
(1849, 'Ржищев', '4473', 10),
(1850, 'Ровеньки', '6433', 12),
(1851, 'Ровно', '362', 17),
(1852, 'Ровное', '3377', 3),
(1853, 'Ровное', '', 5),
(1854, 'Ровное', '5251', 11),
(1855, 'Ровное', '5154', 14),
(1856, 'Рогань', '572', 20),
(1858, 'Рогачин', '3548', 19),
(1859, 'Рогозов', '4495', 10),
(1881, 'Росава', '4474', 10),
(1914, 'Саки', '6563', 1),
(1918, 'Самбор', '3236', 13),
(1925, 'Сарны', '36552', 17),
(1929, 'Сафьяны', '4841', 15),
(1932, 'Свалява', '3133', 7),
(1934, 'Свердловск', '6434', 12),
(1936, 'Светловодск', '5236', 11),
(1943, 'Севастополь', '692', 1),
(1945, 'Северодонецк', '6452', 12),
(1968, 'Симеиз', '654', 1),
(1970, 'Симферополь', '652', 1),
(1980, 'Сквира', '4468', 10),
(1986, 'Славское', '3251', 13),
(1987, 'Славута', '3842', 22),
(1988, 'Славутич', '4479', 10),
(1990, 'Славянск', '6262', 5),
(1991, 'Слатино', '5763', 20),
(1992, 'Сливино', '512', 14),
(1993, 'Слобода', '5454', 18),
(1994, 'Слобода', '5447', 18),
(1995, 'Слободище', '4143', 6),
(1996, 'Слободка', '3551', 19),
(1997, 'Слободка', '3245', 13),
(2001, 'Смела', '4733', 23),
(2035, 'Солотвино', '3134', 7),
(2052, 'Станично-Луганское', '6472', 12),
(2060, 'Старобешево', '6253', 5),
(2082, 'Стеблев', '4735', 23),
(2108, 'Субботцы', '6556', 11),
(2110, 'Судак', '6566', 1),
(2113, 'Сумы', '542', 18),
(2129, 'Таврия', '5537', 21),
(2157, 'Тернополь', '352', 19),
(2181, 'Торез', '6254', 5),
(2188, 'Тростянец', '5458', 18),
(2189, 'Тростянец', '4343', 2),
(2190, 'Тростянец', '3241', 13),
(2191, 'Трускавец', '3247', 13),
(2203, 'Тячев', '3134', 7),
(2204, 'Углегорск', '6252', 5),
(2214, 'Ужгород', '312', 7),
(2216, 'Украинка', '4472', 10),
(2223, 'Умань', '4744', 23),
(2231, 'Усть-Черна', '3134', 7),
(2235, 'Фастов', '4465', 10),
(2241, 'Форос', '654', 1),
(2249, 'Харьков', '57', 20),
(2252, 'Херсон', '552', 21),
(2260, 'Хмельницкий', '382', 22),
(2273, 'Хотин', '37312', 25),
(2274, 'Хотов', '44', 10),
(2283, 'Царичанка', '5610', 4),
(2284, 'Цибулев', '4746', 23),
(2285, 'Цибулево', '6556', 11),
(2305, 'Червоная каменка', '5235', 11),
(2306, 'Червоная слобода', '4478', 10),
(2307, 'Червоная слобода', '472', 23),
(2308, 'Червоная украина', '6297', 5),
(2309, 'Червоноармейск', '4231', 6),
(2324, 'Черкассы', '472', 23),
(2327, 'Чернигов', '462', 24),
(2330, 'Чернобыль', '4493', 10),
(2331, 'Черновцы', '372', 25),
(2332, 'Черногородка', '0278', 10),
(2347, 'Чигирин', '4730', 23),
(2359, 'Чоп', '3137', 7),
(2361, 'Чортков', '3552', 19),
(2363, 'Чугуев', '5746', 20),
(2370, 'Шабо', '4849', 15),
(2412, 'Шпола', '4741', 23),
(2423, 'Энергодар', '6139', 8),
(2429, 'Южный', '4842', 15),
(2442, 'Яготин', '4475', 10),
(2445, 'Ялта', '654', 1),
(2446, 'Ялта', '6297', 5),
(2454, 'Яремча', '3434', 9),
(2463, 'Ясиня', '3122', 7),
(2464, 'Ясногорка', '3655', 17),
(2465, 'Ясногородка', '44', 10),
(2466, 'Ясное', '6564', 1),
(2467, 'Алма-Ата', '0', 26),
(2468, 'Астана', '0', 27),
(2469, 'Актобе', '0', 28),
(2470, 'Костанай', '0', 29);

INSERT INTO `company` (`id`, `title`) VALUES
(1, 'Автокапитал');

INSERT INTO `config` (`id`, `key`, `value`, `description`) VALUES
(1, 'feedback_emails', 'bombascter@gmail.com, Alexandrzagra@gmail.com, n.sinotov@gmail.com, KiberPUNK.mail@gmail.com', 'emails for feedback');

INSERT INTO `currency_types` (`id`, `title`, `alias`, `code`) VALUES
(1, 'Гривна', 'грн', 'UAH'),
(2, 'Евро', 'еврик', 'EUR');

INSERT INTO `posts` (`id`, `title_ru`, `alias`, `title_en`, `title_ua`) VALUES
(1, 'Директор', NULL, 'General Manager', 'Директор'),
(2, 'Руководитель колл-центра', NULL, 'Call-center Manager', 'Керівник колл-центру'),
(3, 'Администратор колл-центра', NULL, 'Call-center Administrator', 'Адміністратор колл-центру'),
(4, 'Руководитель направления Mercedes-Benz (бренд-менеджер)', NULL, 'Brand Manager', 'Керівник напрямку Mercedes-Benz (бренд-менеджер)'),
(5, 'Руководитель отдела продаж', NULL, 'Sales Manager', 'Керівник відділу продажів'),
(6, 'Консультант торгового зала', NULL, 'Sales Staff', 'Консультант торгівельної зали'),
(7, 'Консультант торгового зала', NULL, 'Sales Staff', 'Консультант торгівельної зали'),
(8, 'Диспонент отдела продаж', NULL, 'Disposition', 'Диспонент відділу продажів автомобілей'),
(9, 'Консультант по продаже автомобилей', NULL, 'Salesperson', 'Консультант з продажу автомобілей'),
(10, 'Руководитель отдела послепродажного обслуживания', NULL, 'After-sales manager', 'Керівник відділу післяпродажного обслуговування'),
(11, 'Руководитель отдела продаж запасных частей', NULL, 'Parts Manager', 'Керівник відділу продажів запасних частин'),
(12, 'Диспонент отдела продаж запасных частей', NULL, 'Parts Disponent', 'Диспонент відділу продажів запасних частин'),
(13, 'Консультант по продаже запасных частей', NULL, 'Parts Salesperson', 'Консультант з продажу запасних частин'),
(14, 'Консультант по продаже аксессуаров и запасных частей', NULL, 'Parts and Accessories Salesperson', 'Консультант з продажу аксесуарів та запасних частин'),
(15, 'Руководитель склада запасных частей', NULL, 'Warehouse Manager', 'Керівник складу запасних частин'),
(16, 'Кладовщик склада запасных частей', NULL, 'Warehouse Keeper', 'Комірник складу запасних частин'),
(17, 'Координатор обучений', NULL, 'Training Coordinator \\ Supervisor', 'Координатор з навчання'),
(18, 'Руководитель сервиса', NULL, 'Service Manager', 'Керівник сервісу'),
(19, 'Консультант сервиса (сервисный консультант)', NULL, 'Service Advisor', 'Консультант сервісу або Сервісний консультант'),
(20, 'Асистент сервиса', NULL, 'Service Receptionist', 'Асистент сервісу'),
(21, 'Мастер цеха', NULL, 'Workshop Foreman', 'Майстер цеху'),
(22, 'Руководитель отдела гарании', NULL, 'Warranty Manager', 'Керівник відділу гарантії'),
(23, 'Специалист по гарантии', NULL, 'Warranty Specialist', 'Фахівець з гарантії'),
(24, 'Диагност', NULL, 'Diagnosis Technician', 'Діагност'),
(25, 'Системный техник (системы телематики)', NULL, 'System Technician Telecommunication', 'Системний технік (системи телематики)'),
(26, 'Системный техник (электрика и телематика комфортные системы и системы безопасности)', NULL, 'System Technician Comfort and Safety', 'Системний технік (електрика  та телематика комфотні системи та системи безпеки)'),
(27, 'Системный техник (приводные агригати)', NULL, 'System Technician Powertrain', 'Системний технік (приводні агрегати)'),
(28, 'Системный техник (ходовая часть)', NULL, 'System Technician Driving Stability', 'Системний технік (ходова частина)'),
(29, 'Слесарь по ремонту а/м (Техник по ремонту)', NULL, 'Repair Technician', 'Слюсар з ремонту а/м (Технік з ремонту)'),
(30, 'Слесарь по техобслуживанию (Мастер ТО)', NULL, 'Maintenance Technician', 'Слюсар з технічного обслуговування (Майстер ТО)'),
(31, 'Ученик слесаря', NULL, 'Аpprentice', 'Учень слюсаря'),
(32, 'Руководитель цеха востановительного ремонта', NULL, 'Body workshop Manager', 'Керівник цеху відновлюваного ремонта'),
(33, 'Мастер цеха востановительного ремонта', NULL, 'Body workshop Foreman', 'Майстер цеху відновлювального ремонту'),
(34, 'Колорист-технолог', NULL, 'Paintwork Specialist', 'Колорист-технолог'),
(35, 'Техник по кузовному ремонту', NULL, 'Bodywork Technician', 'Технік з кузовного ремонту а/м');

INSERT INTO `stafflist_group` (`id`, `title`) VALUES
(1, 'Типичное штатное расписание'),
(2, 'Штатное расписание ДК');

INSERT INTO `stafflist` (`id`, `post`, `stafflist_group`, `parent`, `department_title`) VALUES
(3, 2, 2, NULL, NULL),
(608, 2, 1, NULL, NULL),
(609, 4, 1, NULL, NULL),
(610, 3, 1, NULL, NULL),
(611, 6, 1, NULL, NULL),
(612, 5, 1, NULL, NULL),
(613, 1, 1, NULL, NULL),
(614, 24, 1, NULL, NULL),
(615, 8, 1, NULL, NULL),
(616, 20, 1, NULL, NULL),
(617, 12, 1, NULL, NULL),
(618, 16, 1, NULL, NULL),
(619, 34, 1, NULL, NULL),
(620, 9, 1, NULL, NULL),
(621, 14, 1, NULL, NULL),
(622, 13, 1, NULL, NULL),
(623, 19, 1, NULL, NULL),
(624, 21, 1, NULL, NULL),
(625, 7, 1, NULL, NULL),
(626, 17, 1, NULL, NULL),
(627, 33, 1, NULL, NULL),
(628, 10, 1, NULL, NULL),
(629, 22, 1, NULL, NULL),
(630, 11, 1, NULL, NULL),
(631, 32, 1, NULL, NULL),
(632, 18, 1, NULL, NULL),
(633, 15, 1, NULL, NULL),
(634, 27, 1, NULL, NULL),
(635, 25, 1, NULL, NULL),
(636, 28, 1, NULL, NULL),
(637, 26, 1, NULL, NULL),
(638, 30, 1, NULL, NULL),
(639, 29, 1, NULL, NULL),
(640, 23, 1, NULL, NULL),
(641, 35, 1, NULL, NULL),
(642, 31, 1, NULL, NULL);

INSERT INTO `dealers` (`id`, `title`, `daimler_code`, `city_id`, `address`, `parent_id`, `stafflist_group_id`, `status`) VALUES
(610, 'Тестовое предприятие', NULL, 908, NULL, NULL, 1, 1),
(611, '"Волынь-Авто" ЧАО', NULL, 1213, 'ул. Ровненская, 145', NULL, 1, 1),
(612, '"Галичина-Авто" ЧАО', NULL, 1217, 'ул. Городская, 282', NULL, 1, 1),
(613, '"Автосалон Мерседес" филиал', NULL, 616, 'Запорожское шоссе, 57', NULL, 1, 1),
(614, '"Автомобильный дом Одесса" филиал', NULL, 1551, 'Ленинградское шоссе, 27а', NULL, 1, 1),
(615, '"Полтава-авто" ЧАО', NULL, 1752, 'ул, Великотырнивская, 1', NULL, 1, 1),
(616, '"Харьков-Авто" ЧАО', NULL, 1664, 'ул, Крупской 15', NULL, 1, 1),
(617, '"Хмельниччина-Авто" ЧАО', NULL, 2260, 'пр. Мира 102', NULL, 1, 1),
(618, '"Черкассы-авто" ЧАО', NULL, 2324, 'с. Степанки, Смилянское шоссе, 8 км, 4', NULL, 1, 1),
(619, '"Виктор и сыновья" ЧП', NULL, 616, 'ул. Шмитда, 42', NULL, 1, 2),
(620, '"АТП Атлант" ЧАО', NULL, 908, 'ул. Краснознаменная, 167а', NULL, 1, 1),
(621, '"Автомобильный дом Украина - Мерседес-Бенц" СП ООО', '52602', 908, 'Столичное шоссе, 90', NULL, 1, 1),
(622, '"Автомобильный дом Солли-Плюс" ООО', NULL, 2249, 'ул. Академика Павлова, 323', NULL, 1, 2),
(623, '"Автомобильный дом Солли-Плюс" ООО', '52609', 2249, 'Мерефьянское шоссе, 13в', NULL, 1, 2),
(624, '"Западно-Украинский автомобильный дом" ООО', NULL, 1217, 'ул. Джорджа Вашингтона, 10', NULL, 1, 2),
(625, '"Техноконтакт" ЧП', NULL, 1427, 'пр. Ленина, 101', NULL, 1, 2),
(626, '"АвтоДом Запорожье" ООО', NULL, 742, 'ул, Грязнова, 2в', NULL, 1, 2),
(627, '"Автоцентр на Московском" филиал', NULL, 908, 'пр. Московский, 22', NULL, 1, 1),
(628, '"Конкорд" ООО', NULL, 614, 'Автодорога Днепропетровск-Решетиловка, 24 км', NULL, 1, 2),
(629, '"Закарпатье-Авто" ЧАО', NULL, 2214, 'ул. Краснодонцев, 20', NULL, 1, 1),
(630, '"СМ АвтоДом" ООО', NULL, 2331, 'Декабристов, 1Б', NULL, 1, 2);

INSERT INTO `dealer_statuses` (`id`, `title`) VALUES
(1, 'Корпоративный'),
(2, 'Частный'),
(3, 'Дистрибьюторская компания'),
(4, 'Центральный офис');

INSERT INTO `educations` (`id`, `title`, `parent_id`) VALUES
(1, 'Без образования', NULL),
(2, 'Общее среднее', NULL),
(3, 'Профессионально-техническое', NULL),
(4, 'Неполное высшее', NULL),
(5, 'Базовое высшее', NULL),
(6, 'Полное высшее', NULL),
(7, 'Квалифицированный работник', 3),
(8, 'Младший специалист', 3),
(9, 'Старший специалист', 4),
(10, 'Бакалавр', 5),
(11, 'Специалист', 6),
(12, 'Магистр', 6);

INSERT INTO `estimation_methods` (`id`, `title`, `description`) VALUES
(1, 'Ролевая игра', NULL),
(2, 'Тест письменный', NULL),
(3, 'Тест практический', NULL),
(4, 'Собеседование', NULL);

INSERT INTO `groups` (`id`, `title`, `alias`, `default_state`, `is_auth_possible`) VALUES
(1, 'Администратор', 'administrator', NULL, 1),
(2, 'Супервизор', 'supervisor', NULL, 1),
(3, 'Контролёр', 'controller', NULL, 1),
(4, 'Методист', 'methodist', 'root.methodist.user.list', 1),
(5, 'Студент', 'student', 'root.student.topics-list', 1),
(6, 'Тренер', 'trainer', NULL, 1),
(7, 'Не определена', 'notDetermined', NULL, 0);

INSERT INTO `qualification_levels` (`id`, `title_ru`, `title_ua`, `title_en`) VALUES
(1, 'Базовая', 'Базова', 'Start'),
(2, 'Сертифицирован', NULL, NULL),
(3, 'В процессе квалификации', NULL, NULL),
(4, 'Квалифицирован', 'Кваліфікований', 'Qualified'),
(5, 'Мастер', NULL, NULL),
(6, 'Начальный', 'Початковий', 'Start');

INSERT INTO `target_groups` (`id`, `title`) VALUES
(1, 'C-Advisor'),
(2, 'C-Diagnost'),
(3, 'AfterSales Servise'),
(4, 'AfterSales PARTS');

INSERT INTO `topics_types` (`id`, `title`, `alias`) VALUES
(1, 'Экзамен', 'exam'),
(2, 'Дистанционный курс', 'remote_course'),
(3, 'Дистанционный тест', 'remote_test'),
(4, 'Стандартное обучение', 'standard_education'),
(5, 'Сертификация', 'certification'),
(6, 'Первичное собеседование', 'initial_interview'),
(7, 'Тренинг SABA', NULL),
(8, 'Дистанционный курс SABA', 'remote_course_saba'),
(9, 'Дистанционный тест SABA', 'remote_test_saba'),
(10, 'Консультация', NULL);

INSERT INTO `translations` (`id`, `key`, `ru`, `ua`, `en`) VALUES
(3, 'Translate_example', 'Демонстрация переводов', 'Демонстрація перекладів', 'Translate example'),
(4, 'add', 'Добавить', 'Додати', 'Add'),
(5, 'educ_dir_added', 'Направление обучения успешно добавлено.', 'Напрямок навчання успішно додано.', 'The direction of education successfully added.'),
(6, 'enter_dir_name', 'Введите название направления', 'Введіть назву напрямку', 'Enter a name for direction'),
(7, 'post_added', 'Должность успешно добавлена.', 'Посаду успішно додано.', 'The post was successfully added.'),
(8, 'enter_post', 'Введите название должности', 'Введіть назву посади', 'Enter post title'),
(9, 'enter_staffing', 'Введите название штатного расписания', 'Введіть назву штатного розкладу', 'Enter a name for staffing'),
(10, 'ptn', 'ИНН', 'ІПН', 'PTN'),
(11, 'further', 'Дальше', 'Далі', 'Further'),
(12, 'wrong_ptn', 'Вероятно, вы ввели некорректный идентификационный код', 'Ймовірно, ви ввели некоректний ідентифікаційний код', 'You probably entered an incorrect identification code'),
(13, 'exists_ptn', 'Студент с этим ИНН уже существует.', 'Студент із цим ІПН вже існує.', 'Student with this PTN already exists.'),
(14, 'try', 'Попробуйте', 'Спробуйте', 'Try'),
(15, 'to_edit', 'Редактировать', 'Редагувати', 'Edit'),
(16, 'it', 'его', 'його', 'it'),
(17, 'add_dir_training', 'Добавить направление обучения', 'Додати напрямок навчання', 'Add direction training'),
(18, 'close', 'Закрыть', 'Закрити', 'Close'),
(19, 'on_page', 'Выводы на страницу', 'Виводи на сторінку', 'Conclusions on the page'),
(20, 'what_to_search', 'Что искать?', 'Що шукати?', 'What to search?'),
(21, 'search', 'Поиск', 'Пошук', 'Search'),
(22, 'dir_name', 'Название направления', 'Назва напрямку', 'Direction title'),
(23, 'action', 'Действие', 'Дія', 'Action'),
(24, 'to_deactivate', 'Деактивировать', 'Деактивувати', 'To deactivate'),
(25, 'you_on_page', 'Вы на странице %pagename% с %frompage%', 'Ви на сторінці %pagename% з %frompage%', 'You on the page %pagename% from %frompage%'),
(26, 'dir_not_found', 'Ни одного направления обучения не найдено!', 'Жодного напрямку навчання не знайдено!', 'No area of study not found!'),
(27, 'add_student', 'Добавить студента', 'Додати студента', 'Add student'),
(28, 'adding_ptn', 'Введение ИНН', 'Введення ІПН', 'Entering PTN'),
(29, 'cancel', 'Отменить', 'Відмінити', 'Cancel'),
(30, 'login', 'Логин', 'Логін', 'Login'),
(31, 'surname', 'Фамилия', 'Прізвище', 'Surname'),
(32, 'name', 'Имя', 'Ім''я', 'Name'),
(33, 'f_name', 'Отчество', 'По-батькові', 'Father`s name'),
(34, 'sex', 'Пол', 'Стать', 'Sex'),
(35, 'date_of_birth', 'Дата рождения', 'Дата народження', 'Date of birth'),
(36, 'reg_ate', 'Дата регистрации', 'Дата реєстрації', 'Registration date'),
(37, 'is_active', 'Активный', 'Активний', 'Active'),
(38, 'review', 'Посмотреть', 'Переглянути', 'Review'),
(39, 'no_student_found', 'Ни одного студента не найдено!', 'Жодного студента не знайдено!', 'No student has been found!'),
(40, 'dealers', 'Дилеры', 'Дилери', 'Dealers'),
(41, 'all_dealers', 'Все дилеры', 'Усі дилери', 'All Dealers'),
(42, 'data_saved', 'Данные успешно сохранены', 'Дані успішно збережені', 'Data successfully saved'),
(43, 'enterprise_id', 'ID предприятия', 'ID підприємства', 'ID enterprise'),
(44, 'enterprise_name', 'Название предприятия', 'Назва підприємства', 'Enterprise name'),
(45, 'enterprise_address', 'Адрес предприятия', 'Адреса підприємства', 'Enterprise address'),
(46, 'parent_enterprise', 'Родительское предприятие', 'Батьківське підприємство', 'Parent Company'),
(47, 'missing', 'Отсутствует', 'Відсутнє', 'Missing'),
(48, 'no_more_dealers', 'Нет больше дилеров', 'Немає більше дилерів', 'No more dealers'),
(49, 'enterprise_status', 'Статус предприятия', 'Статус підприємства', 'The status of the company'),
(50, 'region_city', 'Область/Город', 'Область/Місто', 'Region / City'),
(51, 'staff_schedule', 'Штатное расписание', 'Штатний розклад', 'Staffing'),
(52, 'staff_schedules', 'Штатные расписания', 'Штатний розклади', 'Staffings'),
(53, 'brands', 'Бренды', 'Бренди', 'Brands'),
(54, 'action_line', 'Направление деятельности', 'Напрямок діяльності', 'Direction of'),
(55, 'students', 'Студенты', 'Студенти', 'Students'),
(56, 'edit_student', 'Редактировать студента', 'Редагувати студента', 'Edit student'),
(57, 'controllers', 'Контроллеры', 'Контролери', 'Controllers'),
(58, 'loading', 'Загрузка', 'Завантаження', 'Loading'),
(59, 'delete', 'Удалить', 'Видалити', 'Delete'),
(60, 'save', 'Сохранить', 'Зберегти', 'Save'),
(61, 'undo', 'Отменить', 'Відмінити', 'Undo'),
(62, 'add_controller', 'Добавить контролера', 'Додати контролера', 'Add Controller'),
(63, 'all_inspectors', 'Все инспекторы', 'Усі Інспектори', 'All inspectors'),
(64, 'inspectors_id', 'ID инспектора', 'ID інспектора', 'Inspector`s ID'),
(65, 'password', 'Пароль', 'Пароль', 'Password'),
(66, 'change', 'Изменить', 'Змінити', 'Edit'),
(67, 'm_phone', 'Моб. телефон', 'Моб. телефон', 'Mobile phone'),
(68, 'add_post', 'Добавить должность', 'Додати посаду', 'Add post'),
(69, 'all_staffing', 'Все штатные расписания', 'Усі штатні розклади', 'All staffing'),
(70, 'post_name', 'Название должности', 'Назва посади', 'Post title'),
(71, 'educ_dir', 'Направление обучения', 'Напрямок навчання', 'The direction of training'),
(72, 'educs_dir', 'Направления обучения', 'Напрямки навчання', 'The directions of training'),
(73, 'no_matches', 'По вашему запросу совпадений не найдены.', 'По вашому запиту збігів не знайдено.', 'By your query matches were found.'),
(74, 'can_add_new', 'Вы можете добавить новый элемент.', 'Ви можете додати новий елемент.', 'You can add a new element.'),
(75, 'all_students', 'Все студенты', 'Усі студенти', 'All Students'),
(76, 'snf', 'ФИО', 'ПІБ', 'Fool Name'),
(77, 'login_password', 'Логин/Пароль', 'Логін/Пароль', 'Login/Password'),
(78, 'education', 'Образование', 'Освіта', 'Education'),
(79, 'education_level', 'Образовательный уровень', 'Освітній рівень', 'Educational level'),
(80, 'educ_quality_level', 'Образовательно-квалификационный уровень', NULL, 'Educational qualification level'),
(81, 'specialty', 'Специальность', 'Спеціальність', 'Specialty'),
(82, 'quality', 'Кфалификация', NULL, 'Qualification'),
(83, 'educational_institution', 'Учебное заведение', 'Навчальний заклад', 'Educational institution'),
(84, 'diploma_number', '№ диплома', '№ диплому', '№ diploma'),
(85, 'date_issue_diploma', 'Дата выдачи диплома', 'Дата видачі диплому', 'The date of issue of the diploma'),
(86, 'education_saved', 'Образование сохранено', 'Освіту збережено', 'Education saved'),
(87, 'address', 'Адрес', 'Адреса', 'Address'),
(88, 'real_address', 'Адрес прописки (проживания)', 'Адреса прописки (проживання)', 'Address registration (residence)'),
(89, 'photo', 'Фото', 'Фото', 'Photo'),
(90, 'choose_photo', 'Выберите фото', 'Оберіть фото', 'Select Photos'),
(91, 'email', 'Эл. адрес', 'Ел. адреса', 'Email'),
(92, 'phones', 'Телефоны', 'Телефони', 'Phones'),
(93, 'contact_phone', 'Контактный', 'Контактний', 'Contact phone'),
(94, 'mobile_phone', 'Мобильный', 'Мобільний', 'Mobile phone'),
(95, 'post', 'Должность', 'Посада', 'Post'),
(96, 'posts', 'Должности', 'Посади', 'Posts'),
(97, 'enterprise', 'Предприятие', 'Підприємство', 'Enterprise'),
(98, 'areas_of_activity', 'Направления деятельности', 'Напрямки діяльності', 'Areas of activity'),
(99, 'choose_areas', 'Выберите направления', 'Оберіть напрямки', 'Choose areas'),
(100, 'rate', 'Ставка', 'Ставка', 'Bid'),
(101, 'date_of_appointment', 'Дата назначения', 'Дата призначення', 'Appointment date'),
(102, 'post_saved', 'Должность сохранена', 'Посаду збережено', 'The post saved'),
(103, 'choose_enterprise', 'Выберите предприятие', 'Оберіть підприємство', 'Select company'),
(104, 'choose_brands', 'Выберите бренды', 'Оберіть бренди', 'Select brand'),
(105, 'post_label', 'Должность (для отображения)', 'Посада (для відображення)', 'Position (for display)'),
(106, 'student_not_found', 'Не найдено такого студента или ошибка в запросе.', 'Не знайдено такого студента або помилка в запиті.', 'Not found such student or error in the request.'),
(107, 'personnel_plan', 'Кадровый план', 'Кадровий план', 'Human resource plan'),
(108, 'wrong_login_passw', 'Неверный логин и / или пароль!', 'Невірний логін і/або пароль!', 'Invalid username and / or password!'),
(109, 'no_access', 'Вам недостаточно прав для входа в систему.', 'Вам недостатньо прав для входу в систему.', 'You are not allowed to log in.'),
(110, 'entry', 'Вход', 'Вхід', 'Login'),
(111, 'add_dealer', 'Добавить дилера', 'Додати дилера', 'Add dealer'),
(112, 'title', 'Название', 'Назва', 'Name'),
(113, 'region', 'Область', 'Область', 'Region'),
(114, 'city', 'Город', 'Місто', 'City'),
(115, 'edit.', 'Ред.', 'Ред.', 'Edit'),
(116, 'no_dealer_found', 'Ни одного дилера не найдено!', 'Жодного дилера не знайдено!', 'No dealer found!'),
(117, 'no_staff_schedule_found', 'Ни одного штатного расписания не найдено!', 'Жодного штатного розкладу не знайдено!', 'No staffing has been found!'),
(118, 'add_inspector', 'Добавить инспектора', 'Додати інспектора', 'Add Inspector'),
(119, 'found_nothing', 'Ничего не найдено', 'Нічого не знайдено', 'Nothing found'),
(120, 'add_staff_schedule', 'Добавить штатное расписание', 'Штатний розклад', 'Staffing'),
(121, 'name_staff_schedule', 'Название штатного расписания', 'Назва штатного розкладу', 'Staffing name'),
(122, 'no_dealer_by_number', 'К сожалению дилера под таким номером не существует', 'Нажаль дилера під таким номером не існує', 'Dealer under this number does not exist'),
(123, 'no_inspector_by_number', 'К сожалению инспектора под таким номером не существует', 'Нажаль інспектора під таким номером не існує', 'Inspector under this number does not exist'),
(124, 'page_404', 'К сожалению такой страницы не найдено, или ваша сессия закончилась!', 'На жаль такої сторінки не знайдено, або ваша сесія закінчилась!', 'Sorry, this page is not found or your session is over!'),
(125, 'authorization', 'Авторизация', 'Авторизація', 'Authorization'),
(126, 'first', 'Первая', 'Перша', 'First'),
(127, 'previous', 'Предыдущая', 'Попередня', 'Previous'),
(128, 'next', 'Следующая', 'Наступна', 'Next'),
(129, 'last', 'Последняя', 'Остання', 'Last'),
(130, 'add_personnel_plan', 'Добавить кадровый план', 'Додати кадровий план', 'Add a staffing plan'),
(131, 'no_personnel_plan_found', 'Ни одного кадрового плана не найдено!', 'Жодного кадрового плану не знайдено!', 'No staffing plan has been found!'),
(132, 'no_posts_found', 'Ни одной должности не найдено!', 'Жодної посади не знайдено!', 'No post found!'),
(133, 'back', 'Назад', 'Назад', 'Back'),
(134, 'qualifications', 'Квалификации', 'Кваліфікації', 'Qualifications'),
(135, 'add_quality', 'Добавить квалификацию', 'Додати кваліфікацію', 'Add qualifications'),
(136, 'qualification_group', 'Группа квалификации', NULL, NULL),
(137, 'direction_study', 'Направление обучения', NULL, NULL),
(138, 'date_start', 'Дата начала', NULL, NULL),
(139, 'date_end', 'Дата окончания', NULL, NULL),
(140, 'test', 'Тест', NULL, NULL),
(141, 'seminar', 'Семинар', NULL, NULL),
(142, 'no_qualifications_found', 'Ни одной квалификации не найдено!', NULL, NULL),
(143, 'all_qualifications', 'Все квалификации', NULL, NULL),
(144, 'qualification_level', 'Уровень квалификации', NULL, NULL),
(145, 'target_groups', 'Целевые группы', 'Цільові групи', 'Target groups'),
(146, 'add_target_groups', 'Добавить целевую группу', NULL, NULL),
(147, 'all_target_groups', 'Все целевые группы', NULL, NULL),
(148, 'activities', 'Направление деятельности', NULL, NULL),
(149, 'record_created', 'Запись успешно создана', NULL, NULL),
(150, 'choose_post', 'Выберите должность', NULL, NULL),
(151, 'record_edited', 'Запись успешно отредактирована', NULL, NULL),
(152, 'create_add_post', 'Создать и добавить должность', NULL, NULL),
(153, 'add_post_error', 'Ошибка создания новой должности', NULL, NULL),
(154, 'all_posts', 'Все должности', NULL, NULL),
(155, 'adding_new_entry', 'Добавление новой записи', NULL, NULL),
(156, 'editing_entry', 'Редактирование записи', NULL, NULL),
(157, 'on', 'на', NULL, NULL),
(158, 'all', 'Всего', 'Всього', 'All'),
(160, 'all_{0}_records', 'Всего {0} записей', 'Всього {0} записів', 'Total records {0}'),
(161, 'in_section_empty_records', 'В данном разделе, пока нет ни одной записи', 'В даному розділі, поки немає жодного запису', 'n this section, is no audio record'),
(162, 'translations', 'Переводы', 'Переклади', 'Translations'),
(163, 'target_group', 'целевую группу', 'цельову групу', 'target group'),
(164, 'exit', 'выход', 'вихiд', 'exit'),
(165, 'qualification_levels', 'уровень квалификации', 'квалiфiкацiйний рiвень', 'qualification level'),
(166, 'add_translation', 'Добавить перевод', 'Додати переклад', 'Add translation'),
(167, 'equipment', 'Оборудование', 'Устаткування', 'Equipment'),
(168, 'estimation_methods', 'Способ оценивания', 'Спосiб оцінювання', 'Estimation method'),
(169, 'topics_types', 'Тип темы', 'Тип теми', 'Topic''s type'),
(170, 'study_plan', 'Учебный план', 'План навчання', 'Study plan'),
(171, 'base_report', 'Отчеты', 'Звiти', 'Reports'),
(172, 'reports', 'Отчеты', 'Звiти', 'Reports'),
(173, 'run_report', 'Сформировать', 'Зформувати', 'Generate'),
(174, 'equipments', 'Оборудование', 'Устаткування', 'Equipments'),
(175, 'edit', 'Изменить', 'Змiнити', 'Edit'),
(176, 'third_system_id', 'Saba id', 'Saba id', 'Saba id'),
(177, 'users', 'Пользователи', 'Користувачи', 'Users'),
(178, 'is_in_third_system', 'Saba?', 'Saba?', 'Saba?'),
(179, 'topics', 'Тема', 'Тема', 'Topic'),
(180, 'recommended_periods', 'Рекомендованный период', NULL, NULL),
(181, 'type', 'Тип', 'Тип', 'Type'),
(182, 'code', 'Код', 'Код', 'Code'),
(183, 'topics_type', 'Тип темы', 'Тип темы', 'Topic type'),
(184, 'groups', 'Роль', 'Роль', 'Group'),
(185, 'country_region_city', 'Страна, Область, Город', 'Краiна, Область, Мiсто', 'Сountry, Region, City'),
(186, 'description', 'Описание', 'Опис', 'Description'),
(187, 'FIO', 'ФИО', 'ПIБ', 'Name'),
(188, 'class_capacity', 'Емкость учебного класса', NULL, NULL),
(189, 'study_class', 'Учебный класс', NULL, NULL),
(190, 'phone', 'Контактный тел', 'Контактний номер', 'Contact phone'),
(191, 'max_mark', 'Максимальный балл', NULL, NULL),
(192, 'pass_mark', 'Походной балл', NULL, NULL),
(193, 'mark', 'Набранный балл', NULL, NULL),
(194, 'note', 'Примечание (текст)', NULL, NULL),
(195, 'result', 'Результат', 'Результат', 'Result'),
(196, 'is_passed', 'Сдал', 'Здав', 'Passed'),
(197, 'is_not_passed', 'Не сдал', 'Не здав', 'Not passed'),
(198, 'dealer', 'Дилер', 'Дилер', 'Dealer'),
(199, 'training_results', 'Результаты тренинга', 'Результати тренингу', 'Training results'),
(200, 'clean_marks', 'Очистить', 'Очистити', 'Сlean marks'),
(201, 'base_price_uah', 'Стоимость за день (uah)', 'Вартість за день (uah)', 'Cost per day (uah)'),
(202, 'base_price_eur', 'Стоимость за день (eur)', 'Вартiсть за день (eur)', 'Cost per day (eur)'),
(203, 'recommend_long', 'Продолжительность', 'Тривалість', 'Duration'),
(204, 'estimation_method', 'Метод оценивания', 'Метод оцінки', 'Estimation method'),
(205, 'obligatory_conditions', 'Обязательный для..', 'Обов''язковий для...', 'Must for...'),
(206, 'recommended_conditions', 'Факультативная для...', 'Факультативная для...', 'Optional for...'),
(207, 'right_of_entrance', 'Право допуска', 'Право для допуску', 'Right of entrance'),
(208, 'trainings', 'Тренинги', 'Тренiнги', 'Trainings'),
(209, 'training', 'Тренинг', 'Тренiнг', 'Training'),
(210, 'topic_code', 'Код', 'Код', 'Code'),
(211, 'programs', 'Программа', 'Программа', 'Program'),
(212, 'trainer', 'Тренер', 'Тренер', 'Trainer'),
(213, 'users_status', 'Статус пользователя', 'Статус користувача', 'User condition'),
(214, 'dashboard', 'DASHBOARD', 'DASHBOARD', 'DASHBOARD'),
(215, 'educations', 'Образование', 'Освiта', 'Education'),
(216, 'actual_position', 'Должность на предприятии', 'Посада на пiдприємстві', 'Actual position'),
(217, 'brand', 'Бренд', 'Бренд', 'Brand'),
(218, 'activity', 'Направление деятельности', 'Напрямок дiяльностi', 'Branch'),
(219, 'registration_period', 'Период, открытый для регистрации', 'Відкритий для реєстрації', 'Registration Period'),
(220, 'event_period', 'Период проведения', 'Період проведення', 'Event period'),
(221, 'length_days', 'Продолжительность', 'Тривалiсть', 'Duration'),
(222, 'training_users', 'Список студентов', 'Перелiк користувачiв', 'List of students'),
(223, 'all_studyClasses', 'Все классы', 'Всі класи', 'All classes'),
(224, 'to_menu', 'В меню', 'До меню', 'Main menu'),
(225, 'topic', 'Выбор темы', 'Вибiр теми', 'Choose theme'),
(226, 'work_experience', 'Опыт работы', 'Досвід роботи', 'Work experience'),
(227, 'company_name', 'Компания', 'Компанiя', 'Company'),
(228, 'position', 'Должность', 'Посада', 'Position'),
(229, 'training_general_mark', 'Общая оценка', 'Загальна оцінка', 'General mark'),
(230, 'currency', 'Валюта', 'Валюта', 'Currency'),
(231, 'price', 'Стоимость', 'Вартiсть', 'Price'),
(232, 'discount', 'Скидка', 'Знижка', 'Discount'),
(233, 'to_pay', 'К оплате', 'До cплаты', 'To pay'),
(234, 'payer', 'Плательщик', 'Платник', 'Payer'),
(235, 'is_confirmed', 'Подтвержден', 'Підтверджено', 'Is confirmed'),
(236, 'experience_saved', 'Опыт работы сохранен', NULL, NULL),
(237, 'daimler_code', 'Код Daimler', 'Код Daimler', 'Daimler code'),
(238, 'сontact_info', 'Контактная информация', 'Контактна iнформацiя', 'Contact Information'),
(239, 'contact_name', 'Контактное лицо', 'Контактна особа', 'Contact person'),
(240, 'contact_email', 'e-mail', 'e-mail', 'e-mail'),
(241, 'personal_information', 'Личная информация', 'Особиста iнформацiя', 'Personal information'),
(242, 'topic_list', 'Список тем', 'Список тем', 'Themes'),
(243, 'all_brands', 'Все бренды', 'Всi бренди', 'All brends'),
(244, 'role', 'Роль', 'Роль', 'Role'),
(245, 'registration', 'Регистрация с', 'Реєстрація', 'Registration'),
(246, 'active', 'Активные', 'Активнi', 'Active'),
(247, 'passed', 'Пройденные', 'Пройденi', 'Passed'),
(248, 'search_placeholder_student_dashboard', 'Код, Тема, Программа', 'Код, Тема, Програма', 'Code, Theme, Program'),
(249, 'nearest', 'Ближайшие', 'Найближчi', 'Nearest'),
(250, 'confirmed', 'Подтвержденные', 'Пiдтвердженi', 'Сonfirmed'),
(251, 'remote', 'Онлайн', 'Онлайн', 'Online'),
(252, 'all_passed', 'Пройденные', 'Пройденi', 'Passed'),
(253, 'all_not_passed', 'Активные', 'Активнi', 'Active'),
(254, 'display_all', 'Все', 'Всi', 'Display all'),
(255, 'display_facultative_can', 'Включать факультативные', 'З факультативними', 'Facultative on'),
(256, 'clear_period', 'Очистить период', 'Очистити', 'Clean'),
(257, 'topic_type', 'Тип тренинга', 'Тип тренiнгу', 'Training type'),
(258, 'must_can', 'Обязат. / Факульт.', 'Обов''язк. / Факульт.', 'Must / Can'),
(259, 'register_period', 'Период регистр.', 'Перiод реєстр.', 'Registration period'),
(260, 'date_training', 'Дата тренинга', 'Дата тренiнгу', 'Training date'),
(261, 'member_status', 'Статус', 'Статус', 'Status'),
(262, 'request_sended', 'Запрос отправлен', 'Запрос вiдправлено', 'Request sended'),
(263, 'period', 'Период', 'Перiод', 'Period'),
(264, 'score_mark', 'Оценка', 'Вiдмiтка', 'Mark'),
(265, 'general_mark', 'Итоговая оценка', 'Підсумкова оцінка', 'General mark'),
(266, 'passing_date', 'Дата', 'Дата', 'Date'),
(267, 'score_point', 'Баллы', 'Бали', 'Score'),
(268, 'is_not_confirmed', 'Не подтвержден контролером', 'Не пiдтверджено контролером', 'Not confirmed by controler');

INSERT INTO `users_statuses` (`id`, `title_ru`, `title_ua`, `title_en`, `is_active`, `alias`) VALUES
(1, 'Активен', 'Активний', 'Active', 1, 'active'),
(2, 'Болезнь', 'Хвороба', 'Disease', 1, 'disease'),
(3, 'Декрет', 'Декрет', 'Decree', 1, 'decree'),
(4, 'Увольнение', 'Звільнений', 'Dismissal', 1, 'dismissal'),
(5, 'Пенсия', 'Пенсія', 'Pension', 1, 'pension');

INSERT INTO `users` (`id`, `ind_code`, `login`, `password`, `salt`, `name`, `last_name`, `second_name`, `email`, `date_registration`, `birthday`, `phome`, `pmobile`, `address_home`, `photo_src`, `is_in_third_system`, `third_system_id`, `is_male`, `is_active`, `status_id`) VALUES
(1, '0123456789', 'methodist', '$2a$08$Ksu4caSDcKTessQDrGzR8OmPR.Z1AvNLNy9UN7pTpJgGlNFUC6EzK', 'methodist', 'for', 'Methodist', 'AutoCapital', 'autocapitals@ukravto.ua', '2015-05-05 06:06:14', '1996-04-30', NULL, '', 'Рибна', NULL, 1, 'sasas_id', 0, 0, 1);

INSERT INTO `users_groups` (`id`, `user_id`, `group_id`) VALUES
(34, 1, 1),
(35, 1, 2),
(36, 1, 4),
(37, 1, 5);

INSERT INTO `activities_methodists` (`id`, `activity_id`, `user_id`) VALUES
(106, 1, 1),
(107, 2, 1),
(108, 3, 1),
(109, 4, 1),
(110, 5, 1);

INSERT INTO `activities_target_groups` (`id`, `activity_id`, `target_group_id`) VALUES
(152, 1, 1),
(157, 1, 2),
(160, 1, 3),
(165, 1, 4),
(158, 2, 2),
(161, 2, 3),
(166, 2, 4),
(153, 3, 1),
(159, 3, 2),
(162, 3, 3),
(167, 3, 4),
(163, 4, 3),
(168, 4, 4),
(164, 5, 3),
(169, 5, 4);

INSERT INTO `brands_methodists` (`id`, `brand_id`, `user_id`) VALUES
(190, 1, 1),
(191, 2, 1),
(192, 3, 1),
(193, 4, 1),
(194, 5, 1),
(195, 6, 1),
(196, 7, 1),
(197, 8, 1),
(198, 9, 1);

INSERT INTO `brands_target_groups` (`id`, `brand_id`, `target_group_id`) VALUES
(326, 1, 1),
(332, 1, 2),
(334, 1, 3),
(341, 1, 4),
(327, 2, 1),
(333, 2, 2),
(335, 2, 3),
(342, 2, 4),
(336, 3, 3),
(343, 3, 4),
(328, 4, 1),
(337, 4, 3),
(344, 4, 4),
(329, 5, 1),
(338, 5, 3),
(345, 5, 4),
(339, 6, 3),
(346, 6, 4),
(340, 10, 3),
(347, 10, 4);
